i_config,souris,Idx_souris,n_pixels,lissage_sigma,use_dff,use_global_regression,nRunTrain,n_regions,min_region_size,median_region_size,max_region_size,pVar_final,chi2_final,pVar_max,chi2_min,runtime_sec,status,error
0,M387-6,0,50,0,False,False,100,656,7,50.0,74,,,,,9.534211158752441,interrupted,KeyboardInterrupt
1,M387-6,0,50,0,False,True,100,656,7,50.0,74,0.4251248538822592,1.9694672676054283,0.4251248538822592,1.9694672676054283,268.2882330417633,success,
2,M387-6,0,50,0,True,False,100,656,7,50.0,74,0.38773136161853006,5.2417449360379775,0.38773136161853006,5.2417449360379775,251.0107991695404,success,
3,M387-6,0,50,0,True,True,100,656,7,50.0,74,0.4505917950771742,1.8814423148299873,0.4505917950771742,1.8814423148299873,251.20742177963257,success,
4,M387-6,0,50,1,False,False,100,656,7,50.0,74,0.47649495154386745,3.0842994200639353,0.48247351851567233,2.9961147330756988,252.71659302711487,success,
5,M387-6,0,50,1,False,True,100,656,7,50.0,74,0.5470110097536448,1.4645200200301656,0.5470110097536448,1.4645200200301656,262.8179461956024,success,
6,M387-6,0,50,1,True,False,100,656,7,50.0,74,0.5024837723647902,3.650199198681757,0.5062424948014019,3.6300438572173768,249.41672086715698,success,
7,M387-6,0,50,1,True,True,100,656,7,50.0,74,0.5519496516620366,1.2648814338768546,0.5519496516620366,1.2648814338768546,249.10123491287231,success,
8,M387-6,0,50,2,False,False,100,656,7,50.0,74,0.6737125846651566,1.884862609536081,0.6773808318339987,1.8658697318761428,250.9700050354004,success,
9,M387-6,0,50,2,False,True,100,656,7,50.0,74,0.693174298542754,1.0955286950302823,0.709116955117501,1.0412185435050094,253.49239897727966,success,
10,M387-6,0,50,2,True,False,100,656,7,50.0,74,0.6858198168598224,2.4804750283560075,0.6858198168598224,2.4804750283560075,250.57064199447632,success,
11,M387-6,0,50,2,True,True,100,656,7,50.0,74,-19.239763095797077,85.05179555290799,0.7175926127457981,0.8656147883057317,253.62203693389893,success,
12,M387-6,0,50,3,False,False,100,656,7,50.0,74,-10.620901147359179,86.65775697723276,0.7797296465668926,1.2080934303455995,250.11365485191345,success,
13,M387-6,0,50,3,False,True,100,656,7,50.0,74,0.8204041900751203,0.6906882333011376,0.8204041900751203,0.6906882333011376,249.6055290699005,success,
14,M387-6,0,50,3,True,False,100,656,7,50.0,74,0.8008774575382429,1.5474190578669946,0.8008774575382429,1.5474190578669946,251.45223712921143,success,
15,M387-6,0,50,3,True,True,100,656,7,50.0,74,0.8142982172907209,0.6117413307704487,0.8142982172907209,0.6117413307704487,251.45022988319397,success,
16,M387-6,0,100,0,False,False,100,330,41,99.0,159,0.12462858777823804,6.854104407316086,0.18480117433403787,6.46874935699486,63.303115129470825,success,
17,M387-6,0,100,0,False,True,100,330,41,99.0,159,0.2823174292493946,2.944527054997018,0.2823174292493946,2.944527054997018,63.49398922920227,success,
18,M387-6,0,100,0,True,False,100,330,41,99.0,159,0.19002631934096925,9.192018903129497,0.1906427212122802,9.174957049755788,63.955495834350586,success,
19,M387-6,0,100,0,True,True,100,330,41,99.0,159,0.25163420918175816,3.079437481656905,0.25163420918175816,3.079437481656905,63.85256028175354,success,
20,M387-6,0,100,1,False,False,100,330,41,99.0,159,0.28963157924772465,5.137687344983401,0.2940421030424769,5.094233327893001,62.400606870651245,success,
21,M387-6,0,100,1,False,True,100,330,41,99.0,159,0.33393675677756385,2.6101678480580546,0.33393675677756385,2.6101678480580546,63.26764678955078,success,
22,M387-6,0,100,1,True,False,100,330,41,99.0,159,0.30843979117063935,7.2768909825599755,0.30843979117063935,7.2768909825599755,63.85579800605774,success,
23,M387-6,0,100,1,True,True,100,330,41,99.0,159,0.3469458052621458,2.677615007894329,0.3469458052621458,2.677615007894329,63.33211612701416,success,
24,M387-6,0,100,2,False,False,100,330,41,99.0,159,0.4689366650906609,3.7552357970699632,0.4689366650906609,3.726559869379377,62.80717706680298,success,
25,M387-6,0,100,2,False,True,100,330,41,99.0,159,0.44676007853218225,2.316067561359027,0.44676007853218225,2.316067561359027,62.51221704483032,success,
26,M387-6,0,100,2,True,False,100,330,41,99.0,159,0.47106663557437234,5.434609666712663,0.47106663557437234,5.434609666712663,63.9968147277832,success,
27,M387-6,0,100,2,True,True,100,330,41,99.0,159,0.454839738967981,2.1470051861024673,0.454839738967981,2.1470051861024673,64.16894888877869,success,
28,M387-6,0,100,3,False,False,100,330,41,99.0,159,0.5559528079025225,3.191944388160785,0.5559528079025225,3.191944388160785,62.7941529750824,success,
29,M387-6,0,100,3,False,True,100,330,41,99.0,159,0.5538016867941504,2.068769488596677,0.5538016867941504,2.068769488596677,63.44297218322754,success,
30,M387-6,0,100,3,True,False,100,330,41,99.0,159,0.5696391695010135,4.720945810817161,0.5877772600176507,4.455711049989965,63.008848905563354,success,
31,M387-6,0,100,3,True,True,100,330,41,99.0,159,0.5339917258339273,2.0552702725664695,0.5339917258339273,2.0552702725664695,63.31807994842529,success,
32,M387-6,0,200,0,False,False,100,167,96,196.0,258,0.07365854226423563,9.49623300169271,0.08991122983549804,9.43169943490154,21.49689292907715,success,
33,M387-6,0,200,0,False,True,100,167,96,196.0,258,0.12687700665949087,4.47728761331898,0.13211994203388988,4.474674851873616,21.863996982574463,success,
34,M387-6,0,200,0,True,False,100,167,96,196.0,258,-0.009733805715642418,12.135318631914362,0.019891197633212676,12.027173921460792,21.956525087356567,success,
35,M387-6,0,200,0,True,True,100,167,96,196.0,258,0.14017576813173116,4.492863901739485,0.14017576813173116,4.492863901739485,22.15444779396057,success,
36,M387-6,0,200,1,False,False,100,167,96,196.0,258,0.12058636727684868,8.067390422142328,0.1266475489311396,7.961683733643933,21.699666023254395,success,
37,M387-6,0,200,1,False,True,100,167,96,196.0,258,0.18732143844357507,3.873393866713165,0.18732143844357507,3.873393866713165,22.117319345474243,success,
38,M387-6,0,200,1,True,False,100,167,96,196.0,258,0.0916745814322707,9.915606936577067,0.14701976960819396,9.430296645346072,22.21204400062561,success,
39,M387-6,0,200,1,True,True,100,167,96,196.0,258,0.1898688929857133,3.4020106717715413,0.1898688929857133,3.4020106717715413,22.204368829727173,success,
40,M387-6,0,200,2,False,False,100,167,96,196.0,258,0.2558784802839372,6.60687170744873,0.2558784802839372,6.60687170744873,21.796037912368774,success,
41,M387-6,0,200,2,False,True,100,167,96,196.0,258,0.25207655443646393,3.932725092512326,0.25207655443646393,3.932725092512326,21.434871912002563,success,
42,M387-6,0,200,2,True,False,100,167,96,196.0,258,-22.465601077434,264.75551559587217,0.34422519202736734,6.8487221509734,21.92462706565857,success,
43,M387-6,0,200,2,True,True,100,167,96,196.0,258,0.2603775181494059,3.352003034309949,0.2603775181494059,3.352003034309949,21.964298009872437,success,
44,M387-6,0,200,3,False,False,100,167,96,196.0,258,0.23271515921553698,6.820294605681976,0.24149327427685985,6.816316699938106,21.706720113754272,success,
45,M387-6,0,200,3,False,True,100,167,96,196.0,258,0.28933941430164023,4.2286714294480126,0.28933941430164023,4.228366009726934,21.694916248321533,success,
46,M387-6,0,200,3,True,False,100,167,96,196.0,258,0.3024361412093832,8.38308047451738,0.31396799952976884,8.26112377555661,21.37288188934326,success,
47,M387-6,0,200,3,True,True,100,167,96,196.0,258,0.28524624200922455,3.724489566987242,0.28524624200922455,3.724489566987242,21.9878408908844,success,
48,M387-6,0,500,0,False,False,100,68,322,482.5,685,0.029068259206230018,11.100667104179177,0.033862306463645075,11.063019178861856,7.813485860824585,success,
49,M387-6,0,500,0,False,True,100,68,322,482.5,685,0.04501513026707116,6.484872801252203,0.04501513026707116,6.484872801252203,7.877953052520752,success,
50,M387-6,0,500,0,True,False,100,68,322,482.5,685,0.01855306634093934,14.175535373810586,0.02977940261244505,14.052956537616492,7.754322052001953,success,
51,M387-6,0,500,0,True,True,100,68,322,482.5,685,0.06306564702088968,7.102271133743606,0.06306564702088968,7.099369215925393,7.8153369426727295,success,
52,M387-6,0,500,1,False,False,100,68,322,482.5,685,0.09261830288774708,9.20063709208018,0.09261830288774708,9.20063709208018,7.703539133071899,success,
53,M387-6,0,500,1,False,True,100,68,322,482.5,685,0.07788249851320084,5.641202717286964,0.07788249851320084,5.641202717286964,7.876626014709473,success,
54,M387-6,0,500,1,True,False,100,68,322,482.5,685,-0.08966804620453694,14.335705564317447,-0.0296037169656318,13.754439923111558,7.878249883651733,success,
55,M387-6,0,500,1,True,True,100,68,322,482.5,685,0.08457073959550299,5.8558505075880385,0.08457073959550299,5.8558505075880385,7.779036283493042,success,
56,M387-6,0,500,2,False,False,100,68,322,482.5,685,0.08116064968934256,8.991370396732703,0.08387150816823796,8.971302194583195,7.768906116485596,success,
57,M387-6,0,500,2,False,True,100,68,322,482.5,685,0.09628532300827164,5.806575357604017,0.09874215346528936,5.806575357604017,7.836796998977661,success,
58,M387-6,0,500,2,True,False,100,68,322,482.5,685,-0.18770350192755547,15.020757589900066,-0.0268760068048699,13.036113379995212,7.724337816238403,success,
59,M387-6,0,500,2,True,True,100,68,322,482.5,685,0.0903976245366247,5.483770435077155,0.0903976245366247,5.483770435077155,7.888862133026123,success,
60,M387-6,0,500,3,False,False,100,68,322,482.5,685,0.1453410924817986,8.678415166922212,0.14873334291126783,8.640890003408078,7.695487022399902,success,
61,M387-6,0,500,3,False,True,100,68,322,482.5,685,0.14905983666542755,5.9620160171871355,0.14905983666542755,5.9620160171871355,7.886675119400024,success,
62,M387-6,0,500,3,True,False,100,68,322,482.5,685,-0.10900403100602252,15.288060526051934,-0.09133980015982868,15.035829341995692,7.772820949554443,success,
63,M387-6,0,500,3,True,True,100,68,322,482.5,685,0.09861642756881472,5.845031290818067,0.09861642756881472,5.845031290818067,7.7903220653533936,success,
64,M396-6,1,50,0,False,False,100,730,12,50.0,69,0.44516429124031487,3.5786566461016625,0.44516429124031487,3.5786566461016625,330.0846779346466,success,
65,M396-6,1,50,0,False,True,100,730,12,50.0,69,0.49645876253257637,2.4087633586378896,0.49645876253257637,2.4087633586378896,327.07481598854065,success,
66,M396-6,1,50,0,True,False,100,730,12,50.0,69,0.4369336605335701,3.3876016581508317,0.4601378287865979,3.2537469311331866,331.1404650211334,success,
67,M396-6,1,50,0,True,True,100,730,12,50.0,69,0.5147775127740231,2.1007950384328744,0.5147775127740231,2.1007950384328744,328.88366198539734,success,
68,M396-6,1,50,1,False,False,100,730,12,50.0,69,0.5507818174365839,2.8005728434084305,0.5507818174365839,2.8005728434084305,323.67937898635864,success,
69,M396-6,1,50,1,False,True,100,730,12,50.0,69,0.6015259841869163,2.6125822594591415,0.6015259841869163,2.6125822594591415,324.35988187789917,success,
70,M396-6,1,50,1,True,False,100,730,12,50.0,69,0.5628230579076369,2.3518502127392087,0.5628230579076369,2.3518502127392087,326.7137978076935,success,
71,M396-6,1,50,1,True,True,100,730,12,50.0,69,0.6124484867576009,1.652032946027093,0.6124484867576009,1.652032946027093,329.5283646583557,failed,[Errno 28] No space left on device
72,M396-6,1,50,2,False,False,100,730,12,50.0,69,0.696375482264904,2.043001492485082,0.696375482264904,2.043001492485082,327.8780949115753,failed,[Errno 28] No space left on device
73,M396-6,1,50,2,False,True,100,730,12,50.0,69,0.7548974531121433,1.2664972625044457,0.7548974531121433,1.2664972625044457,324.1529622077942,failed,[Errno 28] No space left on device
74,M396-6,1,50,2,True,False,100,730,12,50.0,69,0.6899836553811745,1.6791182062414995,0.6899836553811745,1.6791182062414995,329.0503327846527,failed,[Errno 28] No space left on device: 'night_run_models/M396-6_npix-50_sigma-2_dff-True_greg-False_nrun-100.pkl'
75,M396-6,1,50,2,True,True,100,730,12,50.0,69,0.7643746102021782,0.9819070267977495,0.7643746102021782,0.9819070267977495,328.7713830471039,success,
76,M396-6,1,50,3,False,False,100,730,12,50.0,69,0.8020475658626466,1.4328962363673605,0.8020475658626466,1.4328962363673605,327.9412100315094,success,
77,M396-6,1,50,3,False,True,100,730,12,50.0,69,0.8483069736358764,0.6906712995578076,0.8483069736358764,0.6906712995578076,383.6155662536621,failed,[Errno 28] No space left on device
78,M396-6,1,50,3,True,False,100,730,12,50.0,69,0.8333325744240985,1.0257209472638504,0.8333325744240985,1.0257209472638504,330.28498816490173,success,
79,M396-6,1,50,3,True,True,100,730,12,50.0,69,0.8327692309438611,0.5555362607760385,0.8327692309438611,0.5555362607760385,329.6889669895172,success,
80,M396-6,1,100,0,False,False,100,367,43,99.0,148,0.2640615402399822,5.220279376910966,0.27172825617908924,5.0912245363052495,78.8168830871582,success,
81,M396-6,1,100,0,False,True,100,367,43,99.0,148,0.31480811575731016,3.793844848897072,0.31480811575731016,3.793844848897072,78.44091987609863,success,
82,M396-6,1,100,0,True,False,100,367,43,99.0,148,0.2178029286992499,4.909635084753912,0.2365098149925452,4.906367148693465,79.68122887611389,success,
83,M396-6,1,100,0,True,True,100,367,43,99.0,148,0.3384513179879042,3.2152910681139235,0.3384513179879042,3.2152910681139235,80.31511926651001,success,
84,M396-6,1,100,1,False,False,100,367,43,99.0,148,0.3993548525722459,4.106128683155952,0.3997069789134794,4.096623523270339,78.33487892150879,success,
85,M396-6,1,100,1,False,True,100,367,43,99.0,148,0.39519379688486944,4.760797188107695,0.39519379688486944,4.760797188107695,79.59788990020752,success,
86,M396-6,1,100,1,True,False,100,367,43,99.0,148,0.2925462158071208,4.100473677476939,0.2925462158071208,4.100473677476939,79.74744892120361,success,
87,M396-6,1,100,1,True,True,100,367,43,99.0,148,0.40531099792576497,2.8532142485122236,0.40531099792576497,2.8532142485122236,79.7222547531128,failed,[Errno 28] No space left on device
88,M396-6,1,100,2,False,False,100,367,43,99.0,148,0.4294810847657182,4.365725181275679,0.4294810847657182,4.365725181275679,79.29295992851257,failed,[Errno 28] No space left on device: 'night_run_models/M396-6_npix-100_sigma-2_dff-False_greg-False_nrun-100.pkl'
89,M396-6,1,100,2,False,True,100,367,43,99.0,148,0.5004427902144806,4.0770707016992835,0.5033680316921771,4.0598867272698165,78.42751216888428,failed,[Errno 28] No space left on device: 'night_run_models/M396-6_npix-100_sigma-2_dff-False_greg-True_nrun-100.pkl'
90,M396-6,1,100,2,True,False,100,367,43,99.0,148,0.41221736060808467,3.601390923910814,0.4143247904933012,3.573004321686755,78.9380133152008,failed,[Errno 28] No space left on device
91,M396-6,1,100,2,True,True,100,367,43,99.0,148,0.49372060707419363,2.435849292437414,0.49372060707419363,2.435849292437414,79.28551912307739,failed,[Errno 28] No space left on device: 'night_run_models/M396-6_npix-100_sigma-2_dff-True_greg-True_nrun-100.pkl'
92,M396-6,1,100,3,False,False,100,367,43,99.0,148,0.6267525777690437,3.1887505374076803,0.6267525777690437,3.1887505374076803,78.5966489315033,failed,[Errno 28] No space left on device: 'night_run_models/M396-6_npix-100_sigma-3_dff-False_greg-False_nrun-100.pkl'
93,M396-6,1,100,3,False,True,100,367,43,99.0,148,0.6097882766231564,3.0563669668897866,0.6097882766231564,3.0542571631406847,78.68509912490845,failed,[Errno 28] No space left on device: 'night_run_models/M396-6_npix-100_sigma-3_dff-False_greg-True_nrun-100.pkl'
94,M396-6,1,100,3,True,False,100,367,43,99.0,148,0.5859086558070534,2.577099706988535,0.5859086558070534,2.577099706988535,78.9576461315155,failed,[Errno 28] No space left on device: 'night_run_models/M396-6_npix-100_sigma-3_dff-True_greg-False_nrun-100.pkl'
95,M396-6,1,100,3,True,True,100,367,43,99.0,148,0.5757837920124689,2.0589090807602277,0.5757837920124689,2.0589090807602277,79.04392313957214,success,
96,M396-6,1,200,0,False,False,100,185,44,197.0,254,0.04237379119367246,8.902617300626659,0.11180404909467212,8.554370604164946,25.7094247341156,success,
97,M396-6,1,200,0,False,True,100,185,44,197.0,254,0.17288625080757614,5.326257795615197,0.17288625080757614,5.326257795615197,25.443087100982666,success,
98,M396-6,1,200,0,True,False,100,185,44,197.0,254,0.025737001157717376,9.298959839937742,0.06485911070226136,9.028363406177615,25.544779062271118,success,
99,M396-6,1,200,0,True,True,100,185,44,197.0,254,0.19022764826698413,5.0561699075042785,0.19022764826698413,5.0561699075042785,25.472451210021973,success,
100,M396-6,1,200,1,False,False,100,185,44,197.0,254,0.16341880326661018,7.629089029704967,0.16341880326661018,7.629089029704967,25.23390483856201,success,
101,M396-6,1,200,1,False,True,100,185,44,197.0,254,0.21435667151687665,7.244324304237716,0.21435667151687665,7.244324304237716,25.244493007659912,success,
102,M396-6,1,200,1,True,False,100,185,44,197.0,254,-0.012830609414016036,10.483392478641058,0.039113580316235685,9.949651672045922,25.70785903930664,success,
103,M396-6,1,200,1,True,True,100,185,44,197.0,254,0.2602345863597082,5.804623344165358,0.2602345863597082,5.804623344165358,25.71915912628174,success,
104,M396-6,1,200,2,False,False,100,185,44,197.0,254,0.2859357548014596,6.988455345318429,0.28703174937273024,6.988455345318429,25.18370032310486,success,
105,M396-6,1,200,2,False,True,100,185,44,197.0,254,0.30578361975249513,6.899062051322848,0.30578361975249513,6.899062051322848,25.727971076965332,success,
106,M396-6,1,200,2,True,False,100,185,44,197.0,254,0.03303386900900995,10.767832345379205,0.044872550107010634,10.69548111332999,42.87784719467163,success,
107,M396-6,1,200,2,True,True,100,185,44,197.0,254,0.2758561362691767,6.55824449100814,0.2758561362691767,6.55824449100814,43.278615951538086,success,
108,M396-6,1,200,3,False,False,100,185,44,197.0,254,0.37604111324464295,6.821886285262545,0.37718704429844296,6.821886285262545,43.053247928619385,success,
109,M396-6,1,200,3,False,True,100,185,44,197.0,254,0.3257961759766713,6.448256748266857,0.3257961759766713,6.448256748266857,42.97330689430237,success,
110,M396-6,1,200,3,True,False,100,185,44,197.0,254,0.2452891307569539,9.5360221134981,0.2452891307569539,9.5360221134981,44.35565495491028,success,
111,M396-6,1,200,3,True,True,100,185,44,197.0,254,0.3636899977057584,5.821855153582371,0.3636899977057584,5.821855153582371,46.61743879318237,success,
112,M396-6,1,500,0,False,False,100,77,299,473.0,617,-0.024682919186271413,10.841977531322215,0.006314678971645726,10.717401804365503,15.857817888259888,success,
113,M396-6,1,500,0,False,True,100,77,299,473.0,617,0.07608278627362797,7.566237974157805,0.07608278627362797,7.566237974157805,15.798624992370605,success,
114,M396-6,1,500,0,True,False,100,77,299,473.0,617,-0.42335887435833675,16.45944308807472,-0.09286749510252146,12.861119935149615,16.896873950958252,success,
115,M396-6,1,500,0,True,True,100,77,299,473.0,617,0.09564461997939977,7.435181707306372,0.097214128376655,7.428740098417902,15.687832832336426,success,
116,M396-6,1,500,1,False,False,100,77,299,473.0,617,0.08328943941959122,9.599622070495926,0.09010852589538765,9.524763813654152,15.458025217056274,success,
117,M396-6,1,500,1,False,True,100,77,299,473.0,617,0.09476508634167091,10.49976230516877,0.09476508634167091,10.49976230516877,15.416015148162842,success,
118,M396-6,1,500,1,True,False,100,77,299,473.0,617,-0.2849537683221286,15.248115767774216,-0.22533619657084292,14.779510421979962,14.851012229919434,success,
119,M396-6,1,500,1,True,True,100,77,299,473.0,617,0.08844101031546647,8.702069042626894,0.08966048941476834,8.692924158137831,14.98154091835022,success,
120,M396-6,1,500,2,False,False,100,77,299,473.0,617,0.03550856415727255,10.673984349044042,0.07370399125207416,10.356507435888727,14.35147213935852,success,
121,M396-6,1,500,2,False,True,100,77,299,473.0,617,0.12014418343002953,12.03837342604414,0.12014418343002953,12.03837342604414,14.71675181388855,success,
122,M396-6,1,500,2,True,False,100,77,299,473.0,617,-0.10103820359265181,13.801911769284487,-0.009152404695548677,12.796772907208155,14.9099440574646,success,
123,M396-6,1,500,2,True,True,100,77,299,473.0,617,0.13583075791551869,8.644776888614256,0.13583075791551869,8.644776888614256,15.245326042175293,success,
124,M396-6,1,500,3,False,False,100,77,299,473.0,617,0.14701273318956865,10.46843638985516,0.14701273318956865,10.46843638985516,15.565755844116211,success,
125,M396-6,1,500,3,False,True,100,77,299,473.0,617,0.16473003257171193,11.332710462637921,0.17041773515398784,11.22786328850363,17.99072003364563,success,
126,M396-6,1,500,3,True,False,100,77,299,473.0,617,-0.14368330731667878,17.578458283210228,-0.020426003506798462,15.7209799938394,17.11336874961853,success,
127,M396-6,1,500,3,True,True,100,77,299,473.0,617,0.15041586300375764,11.204046799644074,0.15616205841601527,11.163264551834736,16.114476919174194,success,
128,M410-6,2,50,0,False,False,100,760,14,50.0,84,0.5146044553217348,1.5707153755914667,0.5146044553217348,1.5707153755914667,563.8000428676605,success,
129,M410-6,2,50,0,False,True,100,760,14,50.0,84,0.44306722679221844,2.141692318892163,0.44306722679221844,2.141692318892163,581.2511396408081,success,
130,M410-6,2,50,0,True,False,100,760,14,50.0,84,0.4267467637926864,1.909193388494158,0.4267467637926864,1.909193388494158,553.4862389564514,success,
131,M410-6,2,50,0,True,True,100,760,14,50.0,84,0.47712327358613704,1.856990167340006,0.47712327358613704,1.856990167340006,579.2700941562653,success,
132,M410-6,2,50,1,False,False,100,760,14,50.0,84,0.5769653499647651,1.6606371981504127,0.5769653499647651,1.6606371981504127,556.659569978714,success,
133,M410-6,2,50,1,False,True,100,760,14,50.0,84,0.599683600714831,1.6508683874800965,0.599683600714831,1.6508683874800965,603.2368700504303,success,
134,M410-6,2,50,1,True,False,100,760,14,50.0,84,0.5773509370972678,1.3431409074467997,0.5773509370972678,1.3431409074467997,620.8225991725922,success,
135,M410-6,2,50,1,True,True,100,760,14,50.0,84,0.5796176004683297,1.4209191509359982,0.5796176004683297,1.4209191509359982,563.5877060890198,success,
136,M410-6,2,50,2,False,False,100,760,14,50.0,84,0.7577109263716082,1.0332447690248054,0.7577109263716082,1.0332447690248054,555.4065170288086,success,
137,M410-6,2,50,2,False,True,100,760,14,50.0,84,0.7571414299023806,1.1421483186691104,0.7571414299023806,1.1421483186691104,555.7164919376373,success,
138,M410-6,2,50,2,True,False,100,760,14,50.0,84,0.7581808535140409,0.7593944155296722,0.7581808535140409,0.7593944155296722,564.0609848499298,success,
139,M410-6,2,50,2,True,True,100,760,14,50.0,84,0.7462119308166297,0.72080674370783,0.7462119308166297,0.72080674370783,580.197870016098,success,
140,M410-6,2,50,3,False,False,100,760,14,50.0,84,0.8189386307793959,0.8974499491703553,0.8189386307793959,0.8974499491703553,605.6961829662323,success,
141,M410-6,2,50,3,False,True,100,760,14,50.0,84,0.8459827952775683,0.6664205314675802,0.8459827952775683,0.6664205314675802,585.697432756424,success,
142,M410-6,2,50,3,True,False,100,760,14,50.0,84,0.8543231771551517,0.44425050731170324,0.8543231771551517,0.44425050731170324,559.5906240940094,success,
143,M410-6,2,50,3,True,True,100,760,14,50.0,84,0.8484552637472581,0.48730321931695003,0.8484552637472581,0.48730321931695003,567.5961682796478,success,
144,M410-6,2,100,0,False,False,100,381,46,99.0,148,0.1169239901290895,4.289054666709197,0.21684005752910118,4.1039216547799695,165.60819387435913,success,
145,M410-6,2,100,0,False,True,100,381,46,99.0,148,0.30317969322234684,4.093655455180987,0.30317969322234684,4.093655455180987,165.65504002571106,success,
146,M410-6,2,100,0,True,False,100,381,46,99.0,148,0.15602493275825835,3.7422293430855667,0.15602493275825835,3.7422293430855667,167.17069005966187,success,
147,M410-6,2,100,0,True,True,100,381,46,99.0,148,0.3025902471055173,3.646864161083441,0.3025902471055173,3.646864161083441,171.3765058517456,success,
148,M410-6,2,100,1,False,False,100,381,46,99.0,148,0.3246559507438085,3.2401039661658335,0.3246559507438085,3.2401039661658335,173.30598616600037,success,
149,M410-6,2,100,1,False,True,100,381,46,99.0,148,0.34388151190135596,4.132309923165111,0.34388151190135596,4.132309923165111,173.2584822177887,success,
150,M410-6,2,100,1,True,False,100,381,46,99.0,148,0.3658613822854714,2.523376304585337,0.37533335877146845,2.424463446444194,169.32138395309448,success,
151,M410-6,2,100,1,True,True,100,381,46,99.0,148,0.39401990524933184,3.181980642204486,0.39401990524933184,3.181980642204486,169.03451681137085,success,
152,M410-6,2,100,2,False,False,100,381,46,99.0,148,0.5277079468560699,2.563883145595817,0.5277079468560699,2.563883145595817,168.58680701255798,success,
153,M410-6,2,100,2,False,True,100,381,46,99.0,148,0.47847427059421244,3.5049976106189016,0.4886502382446908,3.4113766101572645,169.21501517295837,success,
154,M410-6,2,100,2,True,False,100,381,46,99.0,148,0.5441102830507037,1.7685306129860368,0.5441102830507037,1.7685306129860368,171.00034976005554,success,
