cohort,month,mouse,rank,region_idx,region_label,n_pixels_region,time_sec_min_abs_F0,min_abs_F0_from_dff_diag,max_abs_dff_from_dff_diag,raw_at_min_abs_F0_from_dff_diag,region_trace_raw_min,region_trace_raw_max,region_trace_raw_mean,region_trace_raw_median,region_trace_raw_p01,region_trace_raw_p05,region_trace_raw_p95,region_trace_raw_p99,region_trace_raw_fraction_negative,region_trace_raw_fraction_zero,region_pixels_raw_min,region_pixels_raw_max,region_pixels_raw_mean,region_pixels_raw_median,region_pixels_raw_p01,region_pixels_raw_p05,region_pixels_raw_p95,region_pixels_raw_p99,region_pixels_raw_fraction_negative,region_pixels_raw_fraction_zero
3,6,316,1,255,255.0,1,115.75,0.0002302496868651,9201.767802519127,0.6645674705505371,-1.3477919101715088,4.482114791870117,1.0001138724785228,0.9755015075206755,-0.5353683203458786,-0.179930455237627,2.2803679704666138,2.8772229385375976,0.0814236111111111,0.0,-1.3477919101715088,4.482114791870117,1.0001138724785228,0.9755015075206755,-0.5353683203458786,-0.179930455237627,2.2803679704666138,2.8772229385375976,0.0814236111111111,0.0
3,6,316,2,281,281.0,107,390.1666666666667,0.1921897245501385,17.494639265082405,0.042752181252717,-0.5335912391473757,5.002401474480317,0.9999880859747006,0.878711584224322,0.0069345272035298,0.2081465591622133,2.2027469795754304,3.485639078605953,0.0097222222222222,0.0,-1.8294596672058103,7.810059547424316,0.9999880859747008,0.8907563090324402,-0.4523810419440269,-0.1216890599578618,2.5048899769783013,3.866315913200375,0.078554971443406,0.0
3,6,316,3,198,198.0,122,366.5,0.1966743425057712,14.985495210837458,-0.066059489744013,-0.3768993494879515,3.8745083320336255,1.000052630270447,0.9536836524112302,0.0061371317613854,0.167089164784783,2.1491029484594453,3.0283441892510554,0.0098958333333333,0.0,-1.6140761375427246,7.421547412872314,1.0000526302704469,0.9356539249420166,-0.4893055722117423,-0.1483378529548644,2.3826970458030643,3.350825564861293,0.0834699453551912,0.0
3,6,316,4,190,190.0,90,337.0,0.2059202855220064,13.710171554293352,1.4021877033842935,-0.426408777013421,3.817502024438646,1.000051154142026,0.9524379873337844,0.0400411449723049,0.20130201701838,2.102448762452438,2.9661519063843613,0.0065972222222222,0.0,-1.6234766244888306,6.587903022766113,1.000051154142026,0.9373509287834167,-0.4866202294826507,-0.1471637584269046,2.3782796263694763,3.2896785974502567,0.0838715277777777,0.0
3,6,316,5,187,187.0,81,337.0,0.2175639094209965,14.05420520641442,1.4904943370708712,-0.3556024160144138,3.805068317754769,1.00009207856295,0.9558945761039208,0.0535541192004974,0.19998361042465,2.130239853888382,2.9648104494883687,0.0053819444444444,0.0,-2.8114242553710938,5.9053449630737305,1.00009207856295,0.934260904788971,-0.4631357923150062,-0.1328339226543903,2.374935269355774,3.320721318721769,0.0801611796982167,0.0
3,6,322,1,132,132.0,43,304.1666666666667,0.1051821614626448,22.744944509258595,1.4948604314826257,-0.4025485689405265,3.5240522234938867,1.000070969401894,1.0329662293715534,-0.0831175622116601,0.0823289601541081,1.8960885905942253,2.5437870847624384,0.025,0.0,-1.828433990478516,5.337913990020752,1.000070969401894,0.9973481595516204,-0.4117963999509811,-0.115337735787034,2.140840327739716,2.762153155803677,0.0782259366925064,0.0
3,6,322,2,123,123.0,78,453.0833333333333,0.1059700182806222,19.534412834284044,0.2136016638758472,-0.3253916222243928,3.6201733289620814,1.000099608843851,1.0290375291728056,-0.0422240183950485,0.1101446064732347,1.8501366094136849,2.561414384031903,0.0164930555555555,0.0,-2.810885190963745,8.420448303222656,1.0000996088438503,0.9902733564376832,-0.433461027443409,-0.127677633613348,2.1675851225852965,2.79173500299454,0.0804932336182336,0.0
3,6,322,3,125,125.0,106,287.1666666666667,0.1065891952592141,29.1307283165837,1.707083840977471,-0.3113724490197129,4.0701696490341766,1.0000453321072342,1.010626994372117,-0.069605762131544,0.0895570183161255,1.9315567126251616,2.934095750799716,0.0232638888888888,0.0,-1.233717441558838,7.111893177032471,1.0000453321072342,0.979000449180603,-0.4110324373841286,-0.1174371618777513,2.183756983280181,3.052609703540804,0.0790028825995807,0.0
3,6,322,4,155,155.0,113,320.0833333333333,0.1070562655798239,34.036328048774074,0.6926906843694438,-0.3473179763413768,3.873929715789525,1.0000497915949655,1.0266628484535278,-0.0378435259463834,0.097831680703665,1.9169938009660856,2.7263823019403253,0.0189236111111111,0.0,-1.2777891159057615,7.009936332702637,1.0000497915949658,0.9824360311031342,-0.4167043191194534,-0.1211263824254274,2.1761957287788385,2.943664963245392,0.0791113569321533,0.0
3,6,322,5,136,136.0,85,453.0833333333333,0.111151420462,18.28445679013368,0.3437207011177259,-0.342470432357753,3.58356072622187,1.0000849658213604,1.0207066980354926,-0.0293170135974445,0.1186388994739664,1.8683469780928947,2.733754346609114,0.0151041666666666,0.0,-2.291534900665283,24.76456069946289,1.0000849658213606,0.9801433682441713,-0.418010935485363,-0.1194959282875061,2.165900695323944,2.8575644135475167,0.07875,0.0
9,6,415,1,56,56.0,117,24.5,8.288545794705423e-07,231314.2464265735,0.1894119011285977,-2.936392030145368,19.87080023838924,0.9994608600932984,0.5396438490631235,-1.4194346347527624,-0.0054873860937188,3.566799797257808,6.477858441140912,0.0520833333333333,0.0,-4.506036758422852,24.242889404296875,0.9994608600932982,0.5339572131633759,-1.32760729432106,-0.0114266513846814,3.667198264598844,6.984858870506285,0.0542482787274453,0.0
9,6,415,2,66,66.0,100,29.83333333333333,1.864153891801834e-06,374528.95229674014,0.1855191871523857,-2.6116608357429505,17.260837497711183,0.9994797422766802,0.6352984847128391,-1.0565259692430495,-0.0151258890428403,3.1696258575916296,6.367918728995322,0.0545138888888888,0.0,-3.5600314140319824,30.61478805541992,0.99947974227668,0.6167029738426208,-1.0730665481090549,-0.0224133321084082,3.2548512816429134,6.507363390922548,0.0568576388888888,0.0
9,6,415,3,71,71.0,95,376.9166666666667,6.146540809392096e-05,12220.863015914689,0.7436544644205194,-1.948958470946864,33.09975521689967,0.9995677766794387,0.6633681516898307,-0.7663740016723934,-0.0536609549656829,2.608437633137955,8.049701435189492,0.0619791666666666,0.0,-2.8562049865722656,67.65193176269531,0.999567776679439,0.6534351110458374,-0.7919464337825776,-0.0549235565587877,2.721935391426086,7.923872699737556,0.0634411549707602,0.0
9,6,415,4,74,74.0,91,376.9166666666667,0.000107062700848,8142.489649680627,0.7430699657607864,-1.908618246788507,34.22832373210362,0.9995889136550568,0.6447591269900511,-0.7499279743453467,-0.0318052913578787,2.636207615805198,8.1683437507755,0.0567708333333333,0.0,-6.070666790008545,72.13904571533203,0.9995889136550568,0.6363240778446198,-0.7897839242219925,-0.03923163972795,2.7366333365440365,7.948494544029233,0.0605902777777777,0.0
9,6,415,5,58,58.0,86,3.75,0.0001464887309127,2638.5059024562065,0.0647538376777151,-3.2686649588651435,17.99807635018992,0.9994690279991754,0.5248912250579789,-1.47603115099114,-0.0006273649334108,3.743749853899313,6.859231546313248,0.0505208333333333,0.0,-4.6463141441345215,22.020431518554688,0.9994690279991754,0.5243856608867645,-1.441555210351944,-0.0056048817234113,3.77297238111496,6.99614477634429,0.0521984011627906,0.0
9,6,410,1,344,344.0,99,187.91666666666663,0.1330571214255707,43.10517986173255,-0.1419685669525554,-0.3978019835747252,7.680225863601223,1.0000236574537915,0.8155933835665987,-0.04467578317339748,0.13050265256265495,2.6821654637654624,5.546491423508132,0.014756944444444444,0.0,-2.5587663650512695,13.420743942260742,1.000023657453792,0.8153189122676849,-0.4397647163271904,-0.13669018670916558,2.7325623393058773,5.749001126289364,0.08677749719416386,0.0
9,6,410,2,327,327.0,72,25.916666666666668,0.1338952409957225,39.022656399023646,1.125641466014915,-0.45310796290222144,6.740655379162894,1.000090514715789,0.8860399094143455,-0.05990384931210427,0.1169690377526826,2.349437174076836,4.676727643861536,0.017881944444444443,0.0,-3.46228289604187,12.44398021697998,1.0000905147157892,0.8676785230636597,-0.46509956955909726,-0.15105475336313248,2.490495765209198,5.1409887599945066,0.08953993055555555,0.0
9,6,410,3,191,191.0,73,9.833333333333334,0.1468809323563967,32.76449596065178,1.154705770619928,-0.5380404369573887,6.731726182650213,1.0000294891682775,0.9281437325304094,0.023696834804643307,0.14666523973725432,2.0293060383159824,4.856816602951682,0.006944444444444444,0.0,-2.6463623046875,15.954804420471191,1.0000294891682775,0.8830354809761047,-0.4791941323876381,-0.15872486531734467,2.352014350891113,5.19660520076752,0.09014221841704718,0.0
9,6,410,4,172,172.0,86,1.0,0.1492859568273605,32.24252208118531,1.147824196621429,-0.8924582048081035,7.072939814003401,1.0000185282318383,0.9122364499015994,0.050169591584870984,0.154692279798355,2.109654765125625,5.196725720135751,0.005208333333333333,0.0,-3.8198158740997314,16.178024291992188,1.0000185282318381,0.8565399646759033,-0.46222128748893737,-0.140934769064188,2.425246524810791,5.525242257118223,0.08634932170542636,0.0
9,6,410,5,203,203.0,96,187.83333333333331,0.15201820742368,30.0406070905624,-0.0200895595868739,-0.37150869056737673,6.300618013211836,1.0000501264357249,0.941482275724411,0.021682608290429926,0.13642417248471472,2.0030051367202155,4.52131395493013,0.007291666666666667,0.0,-3.2641608715057373,14.699077606201172,1.0000501264357249,0.8973242044448853,-0.49088046193122864,-0.1631054736673832,2.345776236057281,4.850645565986649,0.09032660590277777,0.0
